"0","# Function to calculate reaction rate V"
"0","calculateV <- function(Vmax, Km, substrate_conc){"
"0","  V = Vmax  *  substrate_conc / (Km + substrate_conc)"
"0","  return(V)"
"0","}"
"0",""
"0","# Function to calculate gradients for each reaction rate"
"0","calculateGradient <- function(Vmax, Km, substrate_conc){"
"0","  V = Vmax  * substrate_conc  /  (Km + substrate_conc)"
"0","  gradient = V * enz_vol / 1000000 / cuv_vol * eps"
"0","  return(gradient)"
"0","}"
"0",""
"0","# Function to fit non-linear model to MM curve and estimate Km and Vmax"
"0","# Because different parameters require different levels of nesting, I calculate rxn_rate and gradient separately from Km and Vmax and join them later"
"0","# The nls function doesn't work unless you round the rxn_rate values (floating point error?)"
"0","estimateKmVmax <- function(df){"
"0","  nls(rxn_rate ~ estimated_Vmax * substrate_conc / (estimated_Km + substrate_conc), data = df, start = list(estimated_Km = 5, estimated_Vmax = 0.05)) %>% "
"0","    tidy() %>% "
"0","    select(parameter = term, estimate) %>% "
"0","    mutate(estimate = round(estimate, digits = 2)) %>% "
"0","    pivot_wider(names_from = parameter, values_from = estimate)"
"0","}"
