"0","# Absorbance vs time plot"
"0","plotAbsVsTime <- function(df){"
"0","  df %>% "
"0","  mutate(gradient = pmap(select(., Vmax, Km, substrate_conc), calculateGradient), # Calculate of gradients for different substrate concentrations"
"0","         rxn_time = list(time)) %>%  "
"0","  unnest(c(rxn_time)) %>% "
"0","  unnest(c(substrate_conc, gradient)) %>% # Expand the dataframe for reaction rate and concentration"
"0","  mutate(absorbance = round(gradient * rxn_time, digits = 3), # Calculate absorbance"
"0","         substrate_conc = fct_relevel(as.character(substrate_conc), c(""0"", ""10"", ""20"", ""40"", ""80"", ""160""))) %>% "
"0","  ggplot() + aes(x = rxn_time, y = absorbance, colour = substrate_conc) + geom_point() + geom_smooth(method = ""lm"", se = FALSE) + facet_wrap(~inhibition_actual) +"
"0","    labs(x = ""Reaction time (min)"","
"0","         y = ""Absorbance (AU)"","
"0","         title = ""Absorbance vs reaction time plot"","
"0","         colour = ""Substrate concentration (mM)"") +"
"0","    theme_minimal() +"
"0","    theme(legend.position = ""bottom"")"
"0","}"
"0",""
"0","# Michaelis-Menten plot"
"0","plotMM <- function(df) {"
"0","  df %>% "
"0","  mutate(rxn_rate = pmap(select(., Vmax, Km, substrate_conc), calculateV)) %>%  # Calculate reaction rates "
"0","  unnest(c(substrate_conc, rxn_rate)) %>% # Expand the dataframe for reaction rate and concentration"
"0","  ggplot() + aes(x = substrate_conc, y = rxn_rate, colour = inhibition_actual) + geom_point() +"
"0","    labs(x = ""Substrate concentration (mM)"","
"0","         y = ""Reaction rate (∆abs/min)"","
"0","         title = ""Michaelis-Menten plot"","
"0","         colour = ""Type of inhibition"") +"
"0","    theme_minimal() +"
"0","    theme(legend.position = ""bottom"")"
"0","}"
"0",""
"0","# Lineweaver-Burke plot"
"0","plotLB <- function(df) {"
"0","  df %>% "
"0","  mutate(rxn_rate = pmap(select(., Vmax, Km, substrate_conc), calculateV)) %>%  # Calculate of gradients for different reaction rates "
"0","  unnest(c(substrate_conc, rxn_rate)) %>% # Expand the dataframe for reaction rate and concentration"
"0","  filter(substrate_conc != 0) %>% "
"0","  mutate(substrate_conc_reciprocal = 1/substrate_conc, "
"0","         rxn_rate_reciprocal = 1/rxn_rate) %>% "
"0","  ggplot() + aes(x = substrate_conc_reciprocal, y = rxn_rate_reciprocal, colour = inhibition_actual) + geom_point() + expand_limits(x = -0.05) + geom_smooth(method = ""lm"", se = FALSE, fullrange = TRUE) +"
"0","    labs(x = ""Reciprocal substrate concentration (mM)"","
"0","         y = ""Reciprocal reaction rate"","
"0","         title = ""Lineweaver-Burke plot"","
"0","         colour = ""Type of inhibition"") +"
"0","    theme_minimal() +"
"0","    theme(legend.position = ""bottom"") +"
"0","    stat_poly_eq(aes(label =  paste(after_stat(eq.label), after_stat(rr.label), sep = ""*\"", \""*"")))"
"0","}"
