"0","students_answers_data <- students_rxn_params %>% "
"0","  left_join(., estimated_Km_Vmax, by = c(""student_id"", ""rxn_substrate"")) %>% "
"0","  mutate(inhibition_actual = fct_relevel(inhibition_actual, ""no_inhibition"", after = 0L)) %>% "
"0","  group_by(student_id) %>% "
"0","  nest() %>% "
"0","  mutate(abs_vs_time_plot = map(data, plotAbsVsTime),"
"0","         mm_plot = map(data, plotMM),"
"0","         lb_plot = map(data, plotLB)) %>% "
"0","  unnest(data) %>% "
"0","  select(student_id, rxn_substrate, inhibition_actual, abs_vs_time_plot, mm_plot, lb_plot, estimated_params) %>% "
"0","  filter(inhibition_actual != ""no_inhibition"")"
