"0","# Import the parameters for the simulations"
"0","rxn_params <- read_xlsx(here(""data"", ""reaction_parameters.xlsx""))"
"0",""
"0","# Reaction duration in minutes"
"0","time <- c(.17, .33, .5, .66, .83, 1) "
"0",""
"0","# Substrates"
"0","rxn_substr <- unique(rxn_params$rxn_substrate)"
"0",""
"0","# Type of inhibition"
"0","inh_type <- unique(rxn_params$inhibition_actual)[-1]"
"0",""
"0","# Substrate concentration in mM"
"0","substr_conc <- c(0,10,20,40,80,160)"
"0",""
"0","# Required params to calculate gradients"
"0","cuv_vol <- 0.003 # volume of cuvette (l)"
"0","eps <- 6220 # extinction coefficient"
"0","enz_vol <- 0.1 # volume of enzyme added (ml)"
