{"chunk_definitions":[{"row":41,"row_count":1,"visible":true,"expansion_state":0,"options":{"engine":"r","label":"unnamed-chunk-1","dev":"png"},"document_id":"4E2DE73F","chunk_id":"c7erwbixwfmtm","chunk_label":"unnamed-chunk-2"},{"row":59,"row_count":1,"visible":true,"expansion_state":0,"options":{"engine":"r","label":"unnamed-chunk-6","dev":"png"},"document_id":"21689A5A","chunk_id":"cd3fekiq0mht1","chunk_label":"unnamed-chunk-3"},{"row":72,"row_count":1,"visible":true,"expansion_state":0,"options":{"engine":"r","label":"unnamed-chunk-8","dev":"png"},"document_id":"21689A5A","chunk_id":"c412fxomacy7a","chunk_label":"unnamed-chunk-4"},{"row":100,"row_count":1,"visible":true,"expansion_state":0,"options":{"engine":"r","label":"unnamed-chunk-9","dev":"png"},"document_id":"A3A6CF53","chunk_id":"cyehurfz5wb6h","chunk_label":"unnamed-chunk-5"},{"row":126,"row_count":1,"visible":true,"expansion_state":0,"options":{"engine":"r","label":"unnamed-chunk-16"},"document_id":"7C0CDD1F","chunk_id":"cd3w58x726yl8","chunk_label":"unnamed-chunk-6"},{"row":153,"row_count":1,"visible":true,"expansion_state":0,"options":{"engine":"r","label":"unnamed-chunk-10","dev":"png"},"document_id":"B19F7F67","chunk_id":"crooe0b6qa9k8","chunk_label":"unnamed-chunk-7"},{"row":183,"row_count":1,"visible":true,"expansion_state":0,"options":{"engine":"r","label":"unnamed-chunk-3","dev":"png"},"document_id":"C694968B","chunk_id":"cvo4ztfvl6gyt","chunk_label":"unnamed-chunk-8"},{"row":243,"row_count":1,"visible":true,"expansion_state":0,"options":{"engine":"r","label":"unnamed-chunk-1","dev":"png"},"document_id":"EE32BD16","chunk_id":"c5w36c077hywr","chunk_label":"unnamed-chunk-9"},{"row":261,"row_count":1,"visible":true,"expansion_state":0,"options":{"engine":"r","label":"unnamed-chunk-2","dev":"png"},"document_id":"89DA2A9C","chunk_id":"cxttid123z0kk","chunk_label":"unnamed-chunk-10"},{"row":277,"row_count":1,"visible":true,"expansion_state":0,"options":{"engine":"r","label":"unnamed-chunk-1","dev":"png"},"document_id":"0674FFF8","chunk_id":"ckbwyn6sche0h","chunk_label":"unnamed-chunk-11"},{"row":290,"row_count":1,"visible":true,"expansion_state":0,"options":{"engine":"r","label":"unnamed-chunk-3","dev":"png"},"document_id":"66363B8D","chunk_id":"cl1t1glnygt56","chunk_label":"unnamed-chunk-12"}],"doc_write_time":1719765867}