"0","# Import the list with student names"
"0","students <- read_xlsx(here(""data"", ""student_names.xlsx""))"
"0",""
"0","# Randomly assign substrate and inhibition type to each student"
"0","students_rxn_conditions <- students %>% "
"0","  mutate(student_id = paste(toupper(student_no), toupper(first_name), sep = ""_""),"
"0","         rxn_substrate = sample(rxn_substr, nrow(students), replace = TRUE), "
"0","         inhibition_actual = sample(inh_type, nrow(students), replace = TRUE)) %>% "
"0","  uncount(., 2, .id = ""id"") %>% "
"0","  mutate(inhibition_actual = ifelse(id == 2, ""no_inhibition"", inhibition_actual)) %>% "
"0","  select(-student_no, -first_name, -surname, -id)"
