{"chunk_definitions":[{"row":41,"row_count":1,"visible":true,"expansion_state":0,"options":{"engine":"r","label":"unnamed-chunk-1","dev":"png"},"document_id":"C7A0C6BA","chunk_id":"cum325ij29xoq","chunk_label":"unnamed-chunk-1"},{"row":59,"row_count":1,"visible":true,"expansion_state":0,"options":{"engine":"r","label":"unnamed-chunk-2","dev":"png"},"document_id":"C7A0C6BA","chunk_id":"cq6aifacd675h","chunk_label":"unnamed-chunk-2"},{"row":69,"row_count":1,"visible":true,"expansion_state":0,"options":{"engine":"r","label":"unnamed-chunk-3","dev":"png"},"document_id":"C0520068","chunk_id":"clci10l9ztpmm","chunk_label":"unnamed-chunk-3"},{"row":97,"row_count":1,"visible":true,"expansion_state":0,"options":{"engine":"r","label":"unnamed-chunk-4","dev":"png"},"document_id":"C7A0C6BA","chunk_id":"c6odxrjy8t0rg","chunk_label":"unnamed-chunk-4"},{"row":124,"row_count":1,"visible":true,"expansion_state":0,"options":{"engine":"r","label":"unnamed-chunk-5","dev":"png"},"document_id":"0AA2DC5D","chunk_id":"cvn91s5757xxd","chunk_label":"unnamed-chunk-5"},{"row":155,"row_count":1,"visible":true,"expansion_state":0,"options":{"engine":"r","label":"unnamed-chunk-6","dev":"png"},"document_id":"0AA2DC5D","chunk_id":"c17t1j3ji074e","chunk_label":"unnamed-chunk-6"},{"row":215,"row_count":1,"visible":true,"expansion_state":0,"options":{"engine":"r","label":"unnamed-chunk-7","dev":"png"},"document_id":"05AC6BB6","chunk_id":"cksi92pnn1cch","chunk_label":"unnamed-chunk-7"},{"row":233,"row_count":1,"visible":true,"expansion_state":0,"options":{"engine":"r","label":"unnamed-chunk-8","dev":"png"},"document_id":"05AC6BB6","chunk_id":"cgdqr9gtsk2hg","chunk_label":"unnamed-chunk-8"},{"row":249,"row_count":1,"visible":true,"expansion_state":0,"options":{"engine":"r","label":"unnamed-chunk-9","dev":"png"},"document_id":"0AA2DC5D","chunk_id":"c9gb1bc1e9g5q","chunk_label":"unnamed-chunk-9"},{"row":262,"row_count":1,"visible":true,"expansion_state":0,"options":{"engine":"r","label":"unnamed-chunk-10","dev":"png"},"document_id":"0AA2DC5D","chunk_id":"c07e64y3ukdgf","chunk_label":"unnamed-chunk-10"}],"doc_write_time":1719769302,"chunk_rendered_width":700}