"0","habiba %>% 
    pivot_longer(cols = ends_with(""mM""), names_to = ""substrate_amount"", values_to = ""absorbance"") %>% 
    separate(substrate_amount, into = ""substrate_conc_mM"", sep = ""_"") %>% 
    mutate(substrate_conc_mM = as.numeric(substrate_conc_mM)) %>% 
    group_by(substrate_conc_mM, rxn_condition) %>% 
    mutate(slope = lm(absorbance~rxn_time)$coefficients[[2]]) %>%
    select(-rxn_time, -absorbance) %>% 
    distinct() %>% 
    filter(substrate_conc_mM > 0) %>% 
    mutate(conc_reciprocal = 1/substrate_conc_mM, 
           slope_reciprocal = 1/slope) %>%
    ggplot() + aes(x = conc_reciprocal, y = slope_reciprocal, colour = rxn_condition) + geom_point() + expand_limits(x = -0.05) + geom_smooth(method = ""lm"", se = FALSE, fullrange = TRUE) +
    labs(x = ""Reciprocal substrate concentration (mM)"",
         y = ""Reciprocal reaction rate"",
         title = ""Lineweaver-Burke plot"") +
    theme_minimal()
"
"2","Expected 1 pieces. Additional pieces discarded in 72 rows [1, 2, 3, 4, 5, 6, 7, 8, 9, 10, 11, 12, 13, 14, 15, 16, 17, 18, 19, 20, ...]."
