"0","# Function to generate data files for each student"
"0","generateAbsVsTimeData <- function(student_id, df) {"
"0","  df %>% "
"0","    mutate(student_id = student_id,"
"0","           substrate_conc_char = paste(substrate_conc, ""mM"", sep = ""_"")) %>% "
"0","    select(-c(inhibition_actual, substrate_conc)) %>% "
"0","    pivot_wider(names_from = substrate_conc_char, values_from = absorbance) %>%  "
"0","    select(student_id, rxn_substrate, rxn_condition, rxn_time, everything()) %>% "
"0","    write_xlsx(here(""output"", paste(student_id, ""data_new.xlsx"", sep = ""_"")))"
"0","}"
"0",""
"0","# Create the student data"
"0","students_rxn_params %>% "
"0","  mutate(gradient = pmap(select(., Vmax, Km, substrate_conc), calculateGradient),"
"0","         rxn_time = list(time)) %>%  # Calculate of gradients for different reaction rates"
"0","  unnest(c(rxn_time)) %>% "
"0","  unnest(c(substrate_conc, gradient)) %>% # Expand the dataframe to have multiple time points for each gradients"
"0","  mutate(absorbance = round(gradient * rxn_time, digits = 3),"
"0","         rxn_condition = case_when("
"0","           inhibition_actual == ""no_inhibition"" ~ ""without_inhibitor"","
"0","           TRUE ~ ""with_inhibitor"")) %>%"
"0","  relocate(rxn_condition, .after = inhibition_actual) %>% "
"0","  select(student_id, rxn_substrate, inhibition_actual, rxn_condition, substrate_conc, rxn_time, absorbance) %>% "
"0","  group_by(student_id) %>% "
"0","  nest() %$% "
"0","  map2(student_id, data, generateAbsVsTimeData)"
"1","[[1]]
"
"1","[1]"
"1"," ""/Users/jarek/Documents/work/huddersfield/research/collaboration/Richard/enzyme_inhibition_useR/output/U123444_MAUD_data_new.xlsx"""
"1","
"
"1","
"
"1","[[2]]
"
"1","[1]"
"1"," ""/Users/jarek/Documents/work/huddersfield/research/collaboration/Richard/enzyme_inhibition_useR/output/U123333_LEONOR_data_new.xlsx"""
"1","
"
"1","
"
"1","[[3]]
"
"1","[1]"
"1"," ""/Users/jarek/Documents/work/huddersfield/research/collaboration/Richard/enzyme_inhibition_useR/output/U122222_HANS_data_new.xlsx"""
"1","
"
"1","
"
"1","[[4]]
"
"1","[1]"
"1"," ""/Users/jarek/Documents/work/huddersfield/research/collaboration/Richard/enzyme_inhibition_useR/output/U111111_DEAN_data_new.xlsx"""
"1","
"
"1","
"
