"0","ggsave(plot = marrangeGrob(pmap(students_answers_data, createAnswerPDF), nrow=1, ncol=1), here(""output"", ""answers_all4_students.pdf""), width = 210, height = 297, units = ""mm"", dpi = ""retina"")
"
"2","Warning:"
"2"," [38;5;232m`cols` is now required when using `unnest()`.
[36mℹ[38;5;232m Please use `cols = c()`.[39m
"
"1","[38;5;232m`geom_smooth()` using formula = 'y ~ x'[39m
"
"1","[38;5;232m`geom_smooth()` using formula = 'y ~ x'[39m
"
"2","Warning:"
"2"," [38;5;232m`cols` is now required when using `unnest()`.
[36mℹ[38;5;232m Please use `cols = c()`.[39m
"
"1","[38;5;232m`geom_smooth()` using formula = 'y ~ x'[39m
"
"1","[38;5;232m`geom_smooth()` using formula = 'y ~ x'[39m
"
"2","Warning:"
"2"," [38;5;232m`cols` is now required when using `unnest()`.
[36mℹ[38;5;232m Please use `cols = c()`.[39m
"
"1","[38;5;232m`geom_smooth()` using formula = 'y ~ x'[39m
"
"1","[38;5;232m`geom_smooth()` using formula = 'y ~ x'[39m
"
"2","Warning:"
"2"," [38;5;232m`cols` is now required when using `unnest()`.
[36mℹ[38;5;232m Please use `cols = c()`.[39m
"
"1","[38;5;232m`geom_smooth()` using formula = 'y ~ x'[39m
"
"1","[38;5;232m`geom_smooth()` using formula = 'y ~ x'[39m
"
"2","Warning in grid.Call.graphics(C_text, as.graphicsAnnot(x$label), x$x, x$y,  :"
"2","
 "
"2"," conversion failure on 'Reaction rate (∆abs/min)' in 'mbcsToSbcs': for ∆ (U+2206)
"
"2","Warning in grid.Call.graphics(C_text, as.graphicsAnnot(x$label), x$x, x$y,  :"
"2","
 "
"2"," conversion failure on 'Reaction rate (∆abs/min)' in 'mbcsToSbcs': for ∆ (U+2206)
"
"2","Warning in grid.Call.graphics(C_text, as.graphicsAnnot(x$label), x$x, x$y,  :"
"2","
 "
"2"," conversion failure on 'Reaction rate (∆abs/min)' in 'mbcsToSbcs': for ∆ (U+2206)
"
"2","Warning in grid.Call.graphics(C_text, as.graphicsAnnot(x$label), x$x, x$y,  :"
"2","
 "
"2"," conversion failure on 'Reaction rate (∆abs/min)' in 'mbcsToSbcs': for ∆ (U+2206)
"
