{"chunk_definitions":[{"row":41,"row_count":1,"visible":true,"expansion_state":0,"options":{"engine":"r","label":"unnamed-chunk-3","dev":"png"},"document_id":"8172C5D1","chunk_id":"cgt0h8wxjpqo2","chunk_label":"unnamed-chunk-2"},{"row":50,"row_count":1,"visible":true,"expansion_state":0,"options":{"engine":"r","label":"unnamed-chunk-5","dev":"png"},"document_id":"55AEAB5A","chunk_id":"ca02phwam1zh9","chunk_label":"unnamed-chunk-3"},{"row":79,"row_count":1,"visible":true,"expansion_state":0,"options":{"engine":"r","label":"unnamed-chunk-6","dev":"png"},"document_id":"8172C5D1","chunk_id":"ck0d2g3nt30z9","chunk_label":"unnamed-chunk-4"},{"row":104,"row_count":1,"visible":true,"expansion_state":0,"options":{"engine":"r","label":"unnamed-chunk-3","dev":"png"},"document_id":"8172C5D1","chunk_id":"ckjp4kkv0tlge","chunk_label":"unnamed-chunk-5"},{"row":146,"row_count":1,"visible":true,"expansion_state":0,"options":{"engine":"r","label":"unnamed-chunk-3"},"document_id":"8172C5D1","chunk_id":"cjepvo09e9sym","chunk_label":"unnamed-chunk-7"},{"row":165,"row_count":1,"visible":true,"expansion_state":0,"options":{"engine":"r","label":"unnamed-chunk-6"},"document_id":"8172C5D1","chunk_id":"ckncihqk3ye89","chunk_label":"unnamed-chunk-8"},{"row":226,"row_count":1,"visible":true,"expansion_state":0,"options":{"engine":"r","label":"unnamed-chunk-4"},"document_id":"8172C5D1","chunk_id":"c8fermcdz8bru","chunk_label":"unnamed-chunk-9"},{"row":245,"row_count":1,"visible":true,"expansion_state":0,"options":{"engine":"r","label":"unnamed-chunk-6"},"document_id":"8172C5D1","chunk_id":"c58pz29qby763","chunk_label":"unnamed-chunk-10"}],"doc_write_time":1719765490}