"0","# Absorbance vs time "
"0","plotAbsVsTime <- function(df){"
"0","  df %>% "
"0","    pivot_longer(cols = ends_with(""mM""), names_to = ""substrate_amount"", values_to = ""absorbance"") %>% "
"0","    separate(substrate_amount, into = ""substrate_conc_mM"", sep = ""_"") %>% "
"0","    mutate(substrate_conc_mM = as.numeric(substrate_conc_mM)) %>% "
"0","    ggplot() + aes(x = rxn_time, y = absorbance, colour = as.character(substrate_conc_mM)) + geom_point() + geom_smooth(method = ""lm"", se = FALSE) + facet_wrap(~rxn_condition) +"
"0","    labs(x = ""Reaction time (min)"","
"0","         y = ""Absorbance (AU)"","
"0","         title = ""Absorbance vs reaction time"") +"
"0","    theme_minimal() +"
"0","    theme(legend.position = ""bottom"")"
"0","}"
"0",""
"0","# MM "
"0","plotMM <- function(df){"
"0","  df %>% "
"0","    pivot_longer(cols = ends_with(""mM""), names_to = ""substrate_amount"", values_to = ""absorbance"") %>% "
"0","    separate(substrate_amount, into = ""substrate_conc_mM"", sep = ""_"") %>% "
"0","    mutate(substrate_conc_mM = as.numeric(substrate_conc_mM)) %>% "
"0","    group_by(substrate_conc_mM, rxn_condition) %>% "
"0","    mutate(slope = lm(absorbance~rxn_time)$coefficients[[2]]) %>%"
"0","    select(-rxn_time, -absorbance) %>% "
"0","    distinct() %>% "
"0","    # separate(concentration_full, into = c(""concentration"", ""units""), sep = ""_"") %>% "
"0","    # mutate(concentration = as.numeric(concentration)) %>% "
"0","    ungroup() %>% "
"0","    ggplot() + aes(x = substrate_conc_mM, y = slope, colour = rxn_condition) + geom_point() +"
"0","    labs(x = ""Substrate concentration (mM)"","
"0","         y = ""Reaction rate (∆Abs/min)"","
"0","         title = ""Michaelis-Menten plot"") +"
"0","    theme_minimal()"
"0","}"
"0",""
"0","# LB"
"0","plotLB <- function(df){"
"0","  df %>% "
"0","    pivot_longer(cols = ends_with(""mM""), names_to = ""substrate_amount"", values_to = ""absorbance"") %>% "
"0","    separate(substrate_amount, into = ""substrate_conc_mM"", sep = ""_"") %>% "
"0","    mutate(substrate_conc_mM = as.numeric(substrate_conc_mM)) %>% "
"0","    group_by(substrate_conc_mM, rxn_condition) %>% "
"0","    mutate(slope = lm(absorbance~rxn_time)$coefficients[[2]]) %>%"
"0","    select(-rxn_time, -absorbance) %>% "
"0","    distinct() %>% "
"0","    filter(substrate_conc_mM > 0) %>% "
"0","    mutate(conc_reciprocal = 1/substrate_conc_mM, "
"0","           slope_reciprocal = 1/slope) %>%"
"0","    ggplot() + aes(x = conc_reciprocal, y = slope_reciprocal, colour = rxn_condition) + geom_point() + expand_limits(x = -0.05) + geom_smooth(method = ""lm"", se = FALSE, fullrange = TRUE) +"
"0","    labs(x = ""Reciprocal substrate concentration (mM)"","
"0","         y = ""Reciprocal reaction rate"","
"0","         title = ""Lineweaver-Burke plot"") +"
"0","    theme_minimal()"
"0","}"
