"0","# Function to generate data files for each student and save them to disk"
"0","generateAbsVsTimeData <- function(student_id, rxn_substrate) {"
"0","  big_table %>% "
"0","    filter(substrate == rxn_substrate) %>% "
"0","    select(substrate_conc, rxn_time, absorbance) %>% "
"0","    mutate(substrate_conc_char = paste(substrate_conc, ""mM"", sep = ""_"")) %>% "
"0","    pivot_wider(id_cols = -c(substrate_conc, absorbance), names_from = substrate_conc_char, values_from = absorbance) %>% "
"0","    write_xlsx(here(""output"", paste(student_id, rxn_substrate, ""data.xlsx"", sep = ""_"")))"
"0","}"
"0",""
"0","substrates <- unique(big_table$substrate)"
"0",""
"0","# Make all the files"
"0","map2(students, sample(substrates, length(students)), generateAbsVsTimeData)"
"1","[[1]]
"
"1","[1]"
"1"," ""/Users/jarek/Documents/work/huddersfield/research/collaboration/Richard/enzyme_inhibition/output/u123444_JAREK_ethanol_data.xlsx"""
"1","
"
"1","
"
"1","[[2]]
"
"1","[1]"
"1"," ""/Users/jarek/Documents/work/huddersfield/research/collaboration/Richard/enzyme_inhibition/output/u123333_RICHARD_pentanol_data.xlsx"""
"1","
"
"1","
"
"1","[[3]]
"
"1","[1]"
"1"," ""/Users/jarek/Documents/work/huddersfield/research/collaboration/Richard/enzyme_inhibition/output/u122222_SHAMUS_butanol_data.xlsx"""
"1","
"
"1","
"
"1","[[4]]
"
"1","[1]"
"1"," ""/Users/jarek/Documents/work/huddersfield/research/collaboration/Richard/enzyme_inhibition/output/u111111_TARJA_propanol_data.xlsx"""
"1","
"
"1","
"
