"0","pmap(students_answers_data, createAnswerPDF2)
"
"2","Warning:"
"2"," [38;5;232m`cols` is now required when using `unnest()`.
[36mℹ[38;5;232m Please use `cols = c()`.[39m
"
"1","[38;5;232m`geom_smooth()` using formula = 'y ~ x'[39m
"
"1","[38;5;232m`geom_smooth()` using formula = 'y ~ x'[39m
"
"2","Warning in grid.Call.graphics(C_text, as.graphicsAnnot(x$label), x$x, x$y,  :"
"2","
 "
"2"," conversion failure on 'Reaction rate (∆abs/min)' in 'mbcsToSbcs': for ∆ (U+2206)
"
"2","Warning:"
"2"," [38;5;232m`cols` is now required when using `unnest()`.
[36mℹ[38;5;232m Please use `cols = c()`.[39m
"
"1","[38;5;232m`geom_smooth()` using formula = 'y ~ x'[39m
"
"1","[38;5;232m`geom_smooth()` using formula = 'y ~ x'[39m
"
"2","Warning in grid.Call.graphics(C_text, as.graphicsAnnot(x$label), x$x, x$y,  :"
"2","
 "
"2"," conversion failure on 'Reaction rate (∆abs/min)' in 'mbcsToSbcs': for ∆ (U+2206)
"
"2","Warning:"
"2"," [38;5;232m`cols` is now required when using `unnest()`.
[36mℹ[38;5;232m Please use `cols = c()`.[39m
"
"1","[38;5;232m`geom_smooth()` using formula = 'y ~ x'[39m
"
"1","[38;5;232m`geom_smooth()` using formula = 'y ~ x'[39m
"
"2","Warning in grid.Call.graphics(C_text, as.graphicsAnnot(x$label), x$x, x$y,  :"
"2","
 "
"2"," conversion failure on 'Reaction rate (∆abs/min)' in 'mbcsToSbcs': for ∆ (U+2206)
"
"2","Warning:"
"2"," [38;5;232m`cols` is now required when using `unnest()`.
[36mℹ[38;5;232m Please use `cols = c()`.[39m
"
"1","[38;5;232m`geom_smooth()` using formula = 'y ~ x'[39m
"
"1","[38;5;232m`geom_smooth()` using formula = 'y ~ x'[39m
"
"2","Warning in grid.Call.graphics(C_text, as.graphicsAnnot(x$label), x$x, x$y,  :"
"2","
 "
"2"," conversion failure on 'Reaction rate (∆abs/min)' in 'mbcsToSbcs': for ∆ (U+2206)
"
"1","[[1]]
"
"1","[1]"
"1"," ""/Users/jarek/Documents/work/huddersfield/research/collaboration/Richard/enzyme_inhibition/output/U123444_MAUD_4answers_new.pdf"""
"1","
"
"1","
"
"1","[[2]]
"
"1","[1]"
"1"," ""/Users/jarek/Documents/work/huddersfield/research/collaboration/Richard/enzyme_inhibition/output/U123333_LEONOR_4answers_new.pdf"""
"1","
"
"1","
"
"1","[[3]]
"
"1","[1]"
"1"," ""/Users/jarek/Documents/work/huddersfield/research/collaboration/Richard/enzyme_inhibition/output/U122222_HANS_4answers_new.pdf"""
"1","
"
"1","
"
"1","[[4]]
"
"1","[1]"
"1"," ""/Users/jarek/Documents/work/huddersfield/research/collaboration/Richard/enzyme_inhibition/output/U111111_DEAN_4answers_new.pdf"""
"1","
"
"1","
"
