"0","createAnswerPDF <- function(student_id, rxn_substrate, inhibition_actual, abs_vs_time_plot, mm_plot, lb_plot, estimated_params){"
"0","  table1 <- tableGrob(tibble(""info"" = c(""student"", ""substrate""), "" "" = c(student_id, rxn_substrate)), rows = NULL, cols = NULL)"
"0","  table2 <- tableGrob(unnest(estimated_params), rows = NULL)"
"0","  layout <- rbind(c(1,2), c(3,3), c(3,3), c(4,5), c(4,5))"
"0","  answers <- grid.arrange(table1, table2, abs_vs_time_plot, mm_plot, lb_plot, layout_matrix = layout)"
"0","  return(answers)"
"0","}"
"0",""
"0","ggsave(plot = marrangeGrob(pmap(students_answers_data, createAnswerPDF), nrow=1, ncol=1), here(""output"", ""answers_all4_students.pdf""), width = 210, height = 297, units = ""mm"", dpi = ""retina"")"
"2","Warning:"
"2"," [38;5;232m`cols` is now required when using `unnest()`.
[36mℹ[38;5;232m Please use `cols = c()`.[39m
"
"1","[38;5;232m`geom_smooth()` using formula = 'y ~ x'[39m
"
"1","[38;5;232m`geom_smooth()` using formula = 'y ~ x'[39m
"
"2","Warning:"
"2"," [38;5;232m`cols` is now required when using `unnest()`.
[36mℹ[38;5;232m Please use `cols = c()`.[39m
"
"1","[38;5;232m`geom_smooth()` using formula = 'y ~ x'[39m
"
"1","[38;5;232m`geom_smooth()` using formula = 'y ~ x'[39m
"
"2","Warning:"
"2"," [38;5;232m`cols` is now required when using `unnest()`.
[36mℹ[38;5;232m Please use `cols = c()`.[39m
"
"1","[38;5;232m`geom_smooth()` using formula = 'y ~ x'[39m
"
"1","[38;5;232m`geom_smooth()` using formula = 'y ~ x'[39m
"
"2","Warning:"
"2"," [38;5;232m`cols` is now required when using `unnest()`.
[36mℹ[38;5;232m Please use `cols = c()`.[39m
"
"1","[38;5;232m`geom_smooth()` using formula = 'y ~ x'[39m
"
"1","[38;5;232m`geom_smooth()` using formula = 'y ~ x'[39m
"
"2","Warning in grid.Call.graphics(C_text, as.graphicsAnnot(x$label), x$x, x$y,  :"
"2","
 "
"2"," conversion failure on 'Reaction rate (∆abs/min)' in 'mbcsToSbcs': for ∆ (U+2206)
"
"2","Warning in grid.Call.graphics(C_text, as.graphicsAnnot(x$label), x$x, x$y,  :"
"2","
 "
"2"," conversion failure on 'Reaction rate (∆abs/min)' in 'mbcsToSbcs': for ∆ (U+2206)
"
"2","Warning in grid.Call.graphics(C_text, as.graphicsAnnot(x$label), x$x, x$y,  :"
"2","
 "
"2"," conversion failure on 'Reaction rate (∆abs/min)' in 'mbcsToSbcs': for ∆ (U+2206)
"
"2","Warning in grid.Call.graphics(C_text, as.graphicsAnnot(x$label), x$x, x$y,  :"
"2","
 "
"2"," conversion failure on 'Reaction rate (∆abs/min)' in 'mbcsToSbcs': for ∆ (U+2206)
"
