"0","students_answers_data <- students_rxn_params %>% 
  left_join(., estimated_Km_Vmax, by = c(""student_id"", ""rxn_substrate"")) %>% 
  mutate(inhibition_actual = fct_relevel(inhibition_actual, ""no_inhibition"", after = 0L)) %>% 
  group_by(student_id) %>% 
  nest() %>% 
  mutate(abs_vs_time_plot = map(data, plotAbsVsTime),
         mm_plot = map(data, plotMM),
         lb_plot = map(data, plotLB)) %>% 
  unnest(data) %>% 
  select(student_id, rxn_substrate, inhibition_actual, abs_vs_time_plot, mm_plot, lb_plot, estimated_params) %>% 
  filter(inhibition_actual != ""no_inhibition"")
"
"1","[1m[33mError[39m in `mutate()`:[22m
[38;5;232m[36mℹ[38;5;232m In argument: `lb_plot = map(data, plotLB)`.
[36mℹ[38;5;232m In group 1: `student_id = ""U111111_DEAN""`.[39m
[1mCaused by error in `map()`:[22m
[38;5;232m[36mℹ[38;5;232m In index: 1.[39m
[1mCaused by error in `stat_poly_eq()`:[22m
[33m![39m could not find function ""stat_poly_eq""
Backtrace:
[90m  1. [39m... %>% filter(inhibition_actual != ""no_inhibition"")
[90m 12. [39m[1m[94mpurrr::map([39m[22mdata, plotLB[1m[94m)[39m[22m
[90m 13. [39mpurrr:::map_(""list"", .x, .f, ..., .progress = .progress)
[90m 17. [39m[1mglobal[22m .f(.x[[i]], ...)
"
