"0","# Solution for separate files for each student"
"0","createAnswerPDF2 <- function(student_id, rxn_substrate, inhibition_actual, abs_vs_time_plot, mm_plot, lb_plot, estimated_params){"
"0","  table1 <- tableGrob(tibble(""info"" = c(""student"", ""substrate""), "" "" = c(student_id, rxn_substrate)), rows = NULL, cols = NULL)"
"0","  table2 <- tableGrob(unnest(estimated_params), rows = NULL)"
"0","  layout <- rbind(c(1,2), c(3,3), c(3,3), c(4,5), c(4,5))"
"0","  answers <- grid.arrange(table1, table2, abs_vs_time_plot, mm_plot, lb_plot, layout_matrix = layout)"
"0","  ggsave(plot = answers, path = here(""output""), filename = paste0(student_id, ""_4answers_new.pdf""), units = ""mm"", width = 210, height = 297, dpi = ""retina"")"
"0","}"
"0",""
"0","pmap(students_answers_data, createAnswerPDF2)"
"2","Warning:"
"2"," [38;5;232m`cols` is now required when using `unnest()`.
[36mℹ[38;5;232m Please use `cols = c()`.[39m
"
"1","[38;5;232m`geom_smooth()` using formula = 'y ~ x'[39m
"
"1","[38;5;232m`geom_smooth()` using formula = 'y ~ x'[39m
"
"2","Warning in grid.Call.graphics(C_text, as.graphicsAnnot(x$label), x$x, x$y,  :"
"2","
 "
"2"," conversion failure on 'Reaction rate (∆abs/min)' in 'mbcsToSbcs': for ∆ (U+2206)
"
"2","Warning:"
"2"," [38;5;232m`cols` is now required when using `unnest()`.
[36mℹ[38;5;232m Please use `cols = c()`.[39m
"
"1","[38;5;232m`geom_smooth()` using formula = 'y ~ x'[39m
"
"1","[38;5;232m`geom_smooth()` using formula = 'y ~ x'[39m
"
"2","Warning in grid.Call.graphics(C_text, as.graphicsAnnot(x$label), x$x, x$y,  :"
"2","
 "
"2"," conversion failure on 'Reaction rate (∆abs/min)' in 'mbcsToSbcs': for ∆ (U+2206)
"
"2","Warning:"
"2"," [38;5;232m`cols` is now required when using `unnest()`.
[36mℹ[38;5;232m Please use `cols = c()`.[39m
"
"1","[38;5;232m`geom_smooth()` using formula = 'y ~ x'[39m
"
"1","[38;5;232m`geom_smooth()` using formula = 'y ~ x'[39m
"
"2","Warning in grid.Call.graphics(C_text, as.graphicsAnnot(x$label), x$x, x$y,  :"
"2","
 "
"2"," conversion failure on 'Reaction rate (∆abs/min)' in 'mbcsToSbcs': for ∆ (U+2206)
"
"2","Warning:"
"2"," [38;5;232m`cols` is now required when using `unnest()`.
[36mℹ[38;5;232m Please use `cols = c()`.[39m
"
"1","[38;5;232m`geom_smooth()` using formula = 'y ~ x'[39m
"
"1","[38;5;232m`geom_smooth()` using formula = 'y ~ x'[39m
"
"2","Warning in grid.Call.graphics(C_text, as.graphicsAnnot(x$label), x$x, x$y,  :"
"2","
 "
"2"," conversion failure on 'Reaction rate (∆abs/min)' in 'mbcsToSbcs': for ∆ (U+2206)
"
"1","[[1]]
"
"1","[1]"
"1"," ""/Users/jarek/Documents/work/huddersfield/research/collaboration/Richard/enzyme_inhibition_useR/output/U123444_MAUD_4answers_new.pdf"""
"1","
"
"1","
"
"1","[[2]]
"
"1","[1]"
"1"," ""/Users/jarek/Documents/work/huddersfield/research/collaboration/Richard/enzyme_inhibition_useR/output/U123333_LEONOR_4answers_new.pdf"""
"1","
"
"1","
"
"1","[[3]]
"
"1","[1]"
"1"," ""/Users/jarek/Documents/work/huddersfield/research/collaboration/Richard/enzyme_inhibition_useR/output/U122222_HANS_4answers_new.pdf"""
"1","
"
"1","
"
"1","[[4]]
"
"1","[1]"
"1"," ""/Users/jarek/Documents/work/huddersfield/research/collaboration/Richard/enzyme_inhibition_useR/output/U111111_DEAN_4answers_new.pdf"""
"1","
"
"1","
"
