"0","# Estimate the Km and Vmax from rxn_rate and substrate_conc"
"0","# The nls function doesn't work unless you round the rxn_rate values!!! (floating point error?)"
"0","estimated_Km_Vmax <- students_rxn_params %>% "
"0","  mutate(rxn_rate = pmap(select(., Vmax, Km, substrate_conc), calculateV)) %>%  # Calculation of V for different substrate concentrations"
"0","  unnest(c(rxn_rate, substrate_conc)) %>% "
"0","  mutate(rxn_rate = round(rxn_rate, digits = 2)) %>% "
"0","  group_by(student_id, rxn_substrate, inhibition_actual) %>%"
"0","  nest() %>% "
"0","  mutate(estimated_params = map(data, estimateKmVmax)) %>% "
"0","  select(-data) %>% "
"0","  mutate(estimated_params = bind_cols(inhibition_type = inhibition_actual, estimated_params)) %>% "
"0","  unnest(estimated_params) %>% "
"0","  ungroup() %>% "
"0","  select(-inhibition_actual) %>%"
"0","  group_by(student_id, rxn_substrate) %>% "
"0","  nest() %>% "
"0","  summarise(estimated_params = list(data)) %>% # Is this necessary?"
"0","  unnest(estimated_params)"
"1","[38;5;232m`summarise()` has grouped output by 'student_id'. You can override using the
`.groups` argument.[39m
"
"0","estimated_Km_Vmax"
